Model,MAE,R2
Ensemble,2077.9822775177454,0.8779921553454042
