MAE,R2
1925.7044677734375,0.86292564868927
